<?xml version="1.0" encoding="UTF-8" standalone="yes"?>
<addon id="repository.kodi.yatse.tv" name="Yatse Kodi Add-on repository" version="1.1.0" provider-name="Yatse">
	<requires>
		<import addon="xbmc.addon" version="12.0.0"/>
	</requires>
	<extension point="xbmc.addon.repository" name="Yatse Kodi Add-on repository">
		<dir minversion="14.0.0">
			<info compressed="false">https://raw.githubusercontent.com/Tolriq/repository.yatse.kodi/master/zips/addons.xml</info>
			<checksum>https://raw.githubusercontent.com/Tolriq/repository.yatse.kodi/master/zips/addons.xml.md5</checksum>
			<datadir zip="true">https://raw.githubusercontent.com/Tolriq/repository.yatse.kodi/master/zips/</datadir>
			<hashes>false</hashes>
		</dir>
		<dir minversion="18.9.0">
			<info compressed="false">https://raw.githubusercontent.com/Tolriq/repository.yatse.kodi/master/matrix/addons.xml</info>
			<checksum>https://raw.githubusercontent.com/Tolriq/repository.yatse.kodi/master/matrix/addons.xml.md5</checksum>
			<datadir zip="true">https://raw.githubusercontent.com/Tolriq/repository.yatse.kodi/master/matrix/</datadir>
			<hashes>false</hashes>
		</dir>
	</extension>
	<extension point="xbmc.addon.metadata">
		<summary lang="en">Yatse repository for Kodi helper addons</summary>
		<description lang="en">This repository contains scripts and plugins to help Yatse do things that may not be possible to do from JSON api.</description>
		<genre></genre>
		<platform>all</platform>
		<news>Add support for Kodi 19 necessary addon duplication!</news>
	</extension>
</addon>