﻿<?xml version="1.0" encoding="UTF-8" standalone="yes"?>
<addon 
    id="plugin.audio.radiostube"
    name="[COLOR cyan]Radio[/COLOR] [COLOR gold]Stube[/COLOR]"
    version="1.0.6" 
    provider-name="Team Stube">
    <requires>
		<import addon="xbmc.python" version="3.0.0"/>
	</requires>
	<extension point="xbmc.python.pluginsource" library="addon.py">
		<provides>audio</provides>
	</extension>
	<extension point="xbmc.addon.metadata">
		<platform>all</platform>
		<summary>[COLOR cyan]Radio[/COLOR] [COLOR gold]Stube[/COLOR]</summary>
		<description>Deutsche RadioStreams</description>
		<license></license>
		<language>de</language>	
		<source></source>
		<email></email>
	<assets>
		<icon>icon.png</icon>
		<fanart>fanart.jpg</fanart>
		<banner></banner>
		<clearlogo></clearlogo>
		<screenshot></screenshot>
	</assets>
	</extension>
</addon>
